﻿<?xml version="1.0" encoding="utf-8"?>
<JustCodeSettings Version="0.0" Timestamp="375e0e13-5a0e-439b-a8fb-f537a95423d5">
  <IgnoredErrorsAndWarningsSettings xmlns:i="http://www.w3.org/2001/XMLSchema-instance">
    <IgnoredErrorsAndWarnings Version="2">
      <FilePath>
        <FileRelativePath>crowd-share-rest-api/libs/underscore-min.js</FileRelativePath>
        <ProjectRelativePath>http://localhost:40882/</ProjectRelativePath>
        <IgnoredElement>
          <TextualIdentifier>12865455430490915984</TextualIdentifier>
        </IgnoredElement>
        <IgnoredElement>
          <TextualIdentifier>6816646766259971932</TextualIdentifier>
        </IgnoredElement>
        <IgnoredElement>
          <TextualIdentifier>15197380286386556</TextualIdentifier>
        </IgnoredElement>
        <IgnoredElement>
          <TextualIdentifier>1428468746624782255</TextualIdentifier>
        </IgnoredElement>
      </FilePath>
    </IgnoredErrorsAndWarnings>
  </IgnoredErrorsAndWarningsSettings>
</JustCodeSettings>